epoch,train_loss,test_loss,train_acc,test_acc,train_top5_err,test_top5_err
1,2.1117952349090574,1.9039666202545167,0.23182,0.3424,0.28212000000000004,0.1674
2,1.8309108429718017,1.7017582355499268,0.3494,0.4008,0.16347999999999996,0.12290000000000001
3,1.6730272745132446,1.6884006614685059,0.40528,0.4089,0.12063999999999997,0.12250000000000005
4,1.5541482933425903,1.5300888259887695,0.4472,0.4571,0.09699999999999998,0.08679999999999999
5,1.4905025969696044,1.512734769821167,0.4707,0.4605,0.08616000000000001,0.08579999999999999
6,1.433255171470642,1.4003811233520507,0.49164,0.5054,0.07804,0.07499999999999996
7,1.385436534805298,1.4312094932556152,0.5075,0.4859,0.07264000000000004,0.07520000000000004
8,1.3401663745880128,1.5759327903747558,0.52554,0.4545,0.06521999999999994,0.09760000000000002
9,1.3062285751342773,1.3158845863342286,0.53746,0.5364,0.06123999999999996,0.06140000000000001
10,1.2729857119750976,1.35281137008667,0.54772,0.5211,0.05788000000000004,0.06459999999999999
11,1.2352609087371826,1.5332628578186036,0.56222,0.4738,0.05259999999999998,0.09240000000000004
12,1.211636902732849,1.270896117210388,0.57196,0.551,0.0514,0.05900000000000005
13,1.1791836120224,1.2681680089950562,0.58162,0.554,0.04742000000000002,0.05589999999999995
14,1.1537320226669312,1.2541155391693115,0.59356,0.5582,0.045560000000000045,0.05569999999999997
15,1.1330697576904296,1.2775557929992676,0.59748,0.5512,0.04356000000000004,0.05610000000000004
16,1.102018281879425,1.2785136773109436,0.60832,0.5584,0.040240000000000054,0.05579999999999996
17,1.085364276161194,1.3648409957885743,0.61496,0.5255,0.03857999999999995,0.0665
18,1.0620211417007446,1.4260682718276978,0.62536,0.5209,0.03615999999999997,0.06559999999999999
19,1.0475177249526977,1.2460788918495178,0.63044,0.566,0.03620000000000001,0.05489999999999995
20,1.0236754197311402,1.282274121761322,0.63902,0.5542,0.03378000000000003,0.05920000000000003
21,1.0012628129386902,1.3118882012367248,0.64554,0.5561,0.032159999999999966,0.05559999999999998
22,0.9845195953750611,1.374788191318512,0.6504,0.5338,0.03090000000000004,0.06340000000000001
23,0.9704044549369812,1.3446863211631774,0.65622,0.5415,0.029340000000000033,0.05779999999999996
24,0.953864609260559,1.3367530654907227,0.66252,0.551,0.02842,0.05940000000000001
25,0.9365981211280823,1.3779343481063844,0.6701,0.5471,0.026599999999999957,0.059699999999999975
26,0.9109313034820556,1.2679464931488038,0.6785,0.5719,0.024859999999999993,0.052000000000000046
27,0.8994874056625366,1.3488443034172057,0.68276,0.5594,0.024819999999999953,0.06340000000000001
28,0.8810450893974304,1.4096522638320923,0.68964,0.5416,0.02424000000000004,0.06320000000000003
29,0.8642307711601257,1.30686568441391,0.69594,0.567,0.02292000000000005,0.05149999999999999
30,0.8532321789932251,1.3138611246109009,0.6969,0.5657,0.02180000000000004,0.057499999999999996
31,0.83524698595047,1.5031323006629944,0.7051,0.5333,0.01983999999999997,0.060699999999999976
32,0.8248099165153503,1.3967621169090272,0.70716,0.5601,0.02076,0.054200000000000026
33,0.8044599926757813,1.4491552132606507,0.71754,0.529,0.019320000000000004,0.06879999999999997
34,0.7897790627670288,1.3691080047607422,0.72048,0.5678,0.018140000000000045,0.05720000000000003
35,0.7832499905014038,1.5518904647827148,0.72102,0.5346,0.017759999999999998,0.06710000000000005
36,0.7578224812889099,1.4825403493881226,0.73228,0.5542,0.016179999999999972,0.06169999999999998
37,0.7590270889663696,1.3899836604118347,0.73028,0.5722,0.01651999999999998,0.05579999999999996
38,0.7315385245132446,1.371504513168335,0.7393,0.5851,0.014619999999999966,0.05379999999999996
39,0.7259653360366821,1.4753034147262574,0.74212,0.5618,0.014800000000000035,0.058599999999999985
40,0.7136494465637208,1.4408100121498109,0.74734,0.5623,0.014719999999999955,0.05840000000000001
41,0.7061967836380005,1.4433407151222228,0.7492,0.5623,0.013939999999999952,0.05710000000000004
42,0.6821348992729187,1.495052299976349,0.75876,0.5622,0.012560000000000016,0.05520000000000003
43,0.6748964506149292,1.6722981857299806,0.7612,0.5342,0.012820000000000054,0.06610000000000005
44,0.6706979113578796,1.568605966281891,0.76176,0.5554,0.011920000000000042,0.06340000000000001
45,0.6492607058334351,1.5590571849822998,0.7695,0.5633,0.011220000000000008,0.05989999999999995
46,0.6379124225234986,1.6760565559387206,0.77394,0.5346,0.010539999999999994,0.06520000000000004
47,0.6318741784095764,1.5886616533279418,0.77552,0.5623,0.010560000000000014,0.06589999999999996
48,0.6156403938484192,1.5854589710235596,0.78176,0.5621,0.009199999999999986,0.06110000000000004
49,0.600036653175354,1.7220602479934692,0.78522,0.548,0.009299999999999975,0.06659999999999999
50,0.6139455227851868,1.563504555940628,0.78364,0.5603,0.009719999999999951,0.05800000000000005
