model,epoch,train_loss,test_loss,train_acc,test_acc,train_top5_err,test_top5_err,learning_rate
resnet18,1,1.777901729774475,1.5173265073776245,0.3468,0.4471,0.15481999999999996,0.08479999999999999,0.010000000000000002
resnet18,2,1.4979822818756103,1.491650297164917,0.45512,0.5122,0.08243999999999996,0.07850000000000001,0.030000000000000006
resnet18,3,1.3057651013565064,1.2603923826217651,0.537,0.5606,0.05591999999999997,0.0464,0.05
resnet18,4,1.1120990643310547,1.0559595937728883,0.60794,0.6335,0.03942000000000001,0.03320000000000001,0.05
resnet18,5,0.9847767211914062,0.9826332450866699,0.65524,0.6553,0.030980000000000008,0.03369999999999995,0.05
resnet18,6,0.9265400841331481,0.9664276685714722,0.67202,0.6616,0.026760000000000006,0.02629999999999999,0.05
resnet18,7,0.8461896831321716,0.8401583599090576,0.7006,0.7144,0.02192000000000005,0.020299999999999985,0.05
resnet18,8,0.8106400842475892,0.8614919446945191,0.71454,0.7066,0.020059999999999967,0.024499999999999966,0.05
resnet18,9,0.7711733629989624,0.8130676218032837,0.73,0.7275,0.018100000000000005,0.020000000000000018,0.05
resnet18,10,0.7324979839706421,0.7487949404716492,0.74044,0.7379,0.016100000000000003,0.019499999999999962,0.05
resnet18,11,0.6930750764274597,0.8281705654144287,0.75564,0.717,0.013719999999999954,0.02300000000000002,0.05
resnet18,12,0.6679715616989136,0.723896630191803,0.76372,0.7507,0.013319999999999999,0.017199999999999993,0.05
resnet18,13,0.6463469568252563,0.6657000311851502,0.77354,0.7719,0.01205999999999996,0.0131,0.05
resnet18,14,0.6210648614692688,0.6754100792884826,0.78054,0.7655,0.011560000000000015,0.014100000000000001,0.05
resnet18,15,0.5927087782287598,0.660822546672821,0.79022,0.7746,0.009680000000000022,0.014599999999999946,0.05
resnet18,16,0.5821482871246337,0.6974140667915344,0.79482,0.7606,0.009560000000000013,0.016100000000000003,0.05
resnet18,17,0.5588660037231445,0.7016064721107483,0.80374,0.768,0.009159999999999946,0.015800000000000036,0.05
resnet18,18,0.5499730234146119,0.665281519126892,0.807,0.7736,0.008319999999999994,0.015499999999999958,0.05
resnet18,19,0.5326017807579041,0.6941380526542663,0.81134,0.7724,0.007719999999999949,0.01319999999999999,0.05
resnet18,20,0.5122899856376648,0.657050479888916,0.81828,0.7807,0.007120000000000015,0.011700000000000044,0.05
resnet18,21,0.5072702761363983,0.7119542610168457,0.82036,0.7703,0.007199999999999984,0.01649999999999996,0.05
resnet18,22,0.48241436237335206,0.6853092644691468,0.82914,0.7741,0.006020000000000025,0.01539999999999997,0.05
resnet18,23,0.4746980368614197,0.6862534718513489,0.83206,0.7713,0.00651999999999997,0.01319999999999999,0.05
resnet18,24,0.4660726532649994,0.6819366579055786,0.83556,0.7818,0.005859999999999976,0.014900000000000024,0.05
resnet18,25,0.4431162084579468,0.62106296377182,0.84188,0.7976,0.00548000000000004,0.011600000000000055,0.05
resnet18,26,0.43940930490493774,0.6093713744163514,0.8452,0.7968,0.005240000000000022,0.011299999999999977,0.05
resnet18,27,0.4278784840393066,0.6500324304580688,0.85024,0.7893,0.005199999999999982,0.011299999999999977,0.05
resnet18,28,0.4144792028236389,0.6273945121765137,0.85182,0.7987,0.0046800000000000175,0.013599999999999945,0.05
resnet18,29,0.39876704010009767,0.6357124573707581,0.85948,0.7947,0.0045199999999999685,0.01090000000000002,0.05
resnet18,30,0.4031269665813446,0.5979658774375916,0.85758,0.8123,0.0037800000000000056,0.012399999999999967,0.05
resnet18,31,0.3886231378650665,0.5933236468315124,0.86106,0.8089,0.0035399999999999876,0.011800000000000033,0.05
resnet18,32,0.37809377537727357,0.6448939984321594,0.86494,0.7987,0.0035199999999999676,0.01100000000000001,0.05
resnet18,33,0.3676519135951996,0.5817046367645263,0.86904,0.8193,0.0028399999999999537,0.009800000000000031,0.05
resnet18,34,0.36232832364082335,0.6112169610977173,0.87112,0.8088,0.0030599999999999516,0.012299999999999978,0.05
resnet18,35,0.3466383680534363,0.601180076789856,0.87644,0.8127,0.0027199999999999447,0.01090000000000002,0.05
resnet18,36,0.34671477970123293,0.6297334118843079,0.87516,0.8086,0.0028599999999999737,0.015000000000000013,0.05
resnet18,37,0.33898243453979493,0.6124819661140442,0.87868,0.8058,0.0026399999999999757,0.010700000000000043,0.05
resnet18,38,0.3250307882976532,0.6390755928039551,0.8844,0.8043,0.0023600000000000287,0.012299999999999978,0.05
resnet18,39,0.31851132920265196,0.6460788097381592,0.88664,0.8038,0.0019599999999999618,0.011199999999999988,0.05
resnet18,40,0.31482330735206604,0.6296025276184082,0.8878,0.811,0.0022799999999999487,0.013399999999999967,0.05
resnet18,41,0.3091266917991638,0.625619863319397,0.88964,0.8138,0.0020599999999999508,0.01200000000000001,0.05
resnet18,42,0.30356137873649597,0.600825663280487,0.89136,0.8193,0.0021400000000000308,0.008900000000000019,0.05
resnet18,43,0.3007933536243439,0.6521572112083435,0.89346,0.8052,0.0019599999999999618,0.013399999999999967,0.05
resnet18,44,0.2903948879337311,0.6303989871025085,0.89552,0.8142,0.0015800000000000258,0.01090000000000002,0.05
resnet18,45,0.2845815357685089,0.623076062488556,0.8969,0.8172,0.0015800000000000258,0.011199999999999988,0.05
resnet18,46,0.2798405707025528,0.6828735181808472,0.901,0.8073,0.0018000000000000238,0.012700000000000045,0.05
resnet18,47,0.27240340485572817,0.6165020157814026,0.90192,0.8207,0.0013199999999999878,0.011199999999999988,0.05
resnet18,48,0.25926273697853086,0.7033006608009338,0.90676,0.8027,0.0014600000000000168,0.011800000000000033,0.05
resnet18,49,0.20129825108528138,0.5500948202133179,0.92924,0.8417,0.0008399999999999519,0.008299999999999974,0.005000000000000001
resnet18,50,0.16553694328069687,0.5609455867767335,0.94156,0.8418,0.0005399999999999849,0.008900000000000019,0.005000000000000001
resnet18,51,0.15764214377880095,0.5711452080726623,0.94488,0.8424,0.0005600000000000049,0.009199999999999986,0.005000000000000001
resnet18,52,0.14573512268543243,0.5865098499298096,0.94996,0.8415,0.00041999999999997595,0.008600000000000052,0.005000000000000001
resnet18,53,0.1406621494626999,0.5899784529685974,0.9501,0.8415,0.00036000000000002697,0.008700000000000041,0.005000000000000001
resnet18,54,0.13730093781471253,0.5999437836647034,0.95158,0.842,0.00038000000000004697,0.008700000000000041,0.005000000000000001
resnet18,55,0.12821443572282792,0.6062314730644226,0.95516,0.8426,0.00021999999999999797,0.00880000000000003,0.005000000000000001
resnet18,56,0.12588050345897675,0.6163290556907653,0.95544,0.8432,0.00017999999999995797,0.009199999999999986,0.005000000000000001
resnet18,57,0.12283854795932769,0.6164819779396057,0.95698,0.8439,0.00027999999999994696,0.007900000000000018,0.005000000000000001
resnet18,58,0.11887032019853593,0.6301482246398926,0.9582,0.8432,0.00021999999999999797,0.009000000000000008,0.005000000000000001
resnet18,59,0.11531752592802048,0.6388429302215576,0.95942,0.8419,0.00024000000000001798,0.009399999999999964,0.005000000000000001
resnet18,60,0.11081587618827819,0.6494288843154907,0.96048,0.845,0.000140000000000029,0.009399999999999964,0.005000000000000001
resnet18,61,0.11279887765407562,0.6479618838310242,0.96024,0.8436,0.00021999999999999797,0.00880000000000003,0.005000000000000001
resnet18,62,0.1104616392660141,0.6648390707015991,0.96068,0.8412,0.00012000000000000899,0.010099999999999998,0.005000000000000001
resnet18,63,0.10324365387916565,0.6648763075828552,0.9641,0.8432,0.000140000000000029,0.009199999999999986,0.005000000000000001
resnet18,64,0.10184988031864166,0.6802375498771668,0.96432,0.8425,0.00021999999999999797,0.010399999999999965,0.005000000000000001
resnet18,65,0.09807988311767578,0.6722010133743286,0.96586,0.8438,0.00019999999999997797,0.010299999999999976,0.0005000000000000001
resnet18,66,0.09531839312076569,0.6709093571662903,0.96696,0.8433,9.999999999998899e-05,0.009199999999999986,0.0005000000000000001
resnet18,67,0.09276112115621567,0.6747771492004394,0.96838,0.8429,0.00012000000000000899,0.00990000000000002,0.0005000000000000001
resnet18,68,0.09105718843698501,0.6781863494873047,0.96734,0.8439,0.00017999999999995797,0.009600000000000053,0.0005000000000000001
resnet18,69,0.0900203206205368,0.6763516237258911,0.96958,0.8438,7.999999999996898e-05,0.009700000000000042,0.0005000000000000001
resnet18,70,0.09202391357898712,0.6765779584884644,0.96838,0.843,0.00019999999999997797,0.009399999999999964,0.0005000000000000001
resnet18,71,0.08939013788700104,0.6799311741828918,0.96872,0.8434,0.000140000000000029,0.009199999999999986,0.0005000000000000001
resnet18,72,0.09018945556163788,0.6827535939216614,0.96862,0.8447,0.00012000000000000899,0.009399999999999964,0.0005000000000000001
resnet18,73,0.09034857989788056,0.6787868585586548,0.96834,0.8425,7.999999999996898e-05,0.009199999999999986,0.0005000000000000001
resnet18,74,0.09128342797517776,0.6829615117073059,0.96766,0.8423,2.0000000000020002e-05,0.010000000000000009,0.0005000000000000001
resnet18,75,0.08950921208381653,0.6854943305969238,0.96928,0.8428,0.00017999999999995797,0.009199999999999986,0.0005000000000000001
resnet18,76,0.08773799623727799,0.6844738201141357,0.96916,0.8429,0.00012000000000000899,0.009099999999999997,0.0005000000000000001
resnet18,77,0.08827181431531907,0.6884713121414184,0.97022,0.8422,7.999999999996898e-05,0.009600000000000053,0.0005000000000000001
resnet18,78,0.08875560823202133,0.682932701587677,0.969,0.8441,0.00012000000000000899,0.009700000000000042,0.0005000000000000001
resnet18,79,0.08755786917805672,0.6906021458625794,0.96846,0.8439,0.00012000000000000899,0.009099999999999997,0.0005000000000000001
resnet18,80,0.08700826322317123,0.6905185340881348,0.96962,0.8441,0.00012000000000000899,0.009600000000000053,0.0005000000000000001
cnn,1,2.1394546587753296,1.9462417274475097,0.21942,0.2948,0.29979999999999996,0.18630000000000002,
cnn,2,1.8615008029174804,1.7371964443206787,0.33884,0.376,0.17328,0.1291,
cnn,3,1.6686534036254883,1.6078620557785035,0.40734,0.4234,0.11970000000000003,0.09930000000000005,
cnn,4,1.5501166772079469,1.5389048423767089,0.4469,0.4549,0.09555999999999998,0.10329999999999995,
cnn,5,1.4787897889328003,1.4650381311416627,0.47324,0.4741,0.08440000000000003,0.08220000000000005,
cnn,6,1.4276914812088013,1.4166040939331055,0.49482,0.4992,0.07835999999999999,0.07779999999999998,
cnn,7,1.3754147356033326,1.4341127361297608,0.51342,0.4828,0.07218000000000002,0.07540000000000002,
cnn,8,1.338630909309387,1.4526060821533202,0.52858,0.4792,0.06672,0.0756,
cnn,9,1.2985032704162598,1.3507595664978027,0.54012,0.5259,0.06172,0.0665,
cnn,10,1.2667341994857788,1.4557268600463866,0.54946,0.4887,0.057540000000000036,0.07379999999999998,
cnn,11,1.235175025177002,1.2963970979690551,0.56268,0.5387,0.053100000000000036,0.0615,
cnn,12,1.2036658818435668,1.3015830974578857,0.57578,0.5413,0.05034000000000005,0.06059999999999999,
cnn,13,1.1779024772644042,1.2727708703994751,0.58528,0.5551,0.04837999999999998,0.05920000000000003,
cnn,14,1.145533179321289,1.2645212505340577,0.59724,0.5541,0.04481999999999997,0.056400000000000006,
cnn,15,1.1306434295654297,1.3085048824310304,0.60408,0.5455,0.043279999999999985,0.05700000000000005,
cnn,16,1.0991537740707398,1.313844976425171,0.61124,0.5501,0.040120000000000045,0.05679999999999996,
cnn,17,1.0751320221710206,1.316508737373352,0.62292,0.5436,0.03834000000000004,0.05810000000000004,
cnn,18,1.0603397108459474,1.3368328192710877,0.62892,0.5459,0.037780000000000036,0.06359999999999999,
cnn,19,1.0353114929962157,1.3902570287704468,0.63404,0.5275,0.034519999999999995,0.06689999999999996,
cnn,20,1.0157303942871094,1.25897284450531,0.64374,0.5586,0.034379999999999966,0.05510000000000004,
cnn,21,0.9920439701461792,1.3191909213066102,0.64978,0.5543,0.03159999999999996,0.056499999999999995,
cnn,22,0.9742627597808838,1.4727400804519652,0.65592,0.5038,0.030340000000000034,0.07630000000000003,
cnn,23,0.959319723777771,1.2834578248977662,0.66244,0.5583,0.02866000000000002,0.0514,
cnn,24,0.9357631914138794,1.333443752670288,0.67056,0.5512,0.02754000000000001,0.05879999999999996,
cnn,25,0.9189934909439087,1.3136195291519166,0.67352,0.5611,0.027079999999999993,0.05589999999999995,
cnn,26,0.8955767228507996,1.3156499261856078,0.68358,0.5664,0.023800000000000043,0.054300000000000015,
cnn,27,0.8853894860649109,1.3952826426506042,0.68804,0.5494,0.024399999999999977,0.06369999999999998,
cnn,28,0.8587061088752747,1.5111155700683594,0.69736,0.53,0.022220000000000018,0.07599999999999996,
cnn,29,0.8472236285018921,1.3505417333602905,0.70176,0.5503,0.021700000000000053,0.057499999999999996,
cnn,30,0.8314372116088867,1.3472262413024902,0.70562,0.5584,0.02059999999999995,0.05259999999999998,
cnn,31,0.8124239869499207,1.4424902126312256,0.71376,0.5426,0.019059999999999966,0.0675,
cnn,32,0.8109349387168884,1.3273477304458619,0.71192,0.5757,0.01849999999999996,0.05600000000000005,
cnn,33,0.784373423538208,1.4374407788276673,0.72114,0.5538,0.017900000000000027,0.061000000000000054,
cnn,34,0.773037286567688,1.4006405920028686,0.72832,0.5634,0.016759999999999997,0.05689999999999995,
cnn,35,0.7533063565826416,1.4562328623771668,0.7334,0.5532,0.016240000000000032,0.05989999999999995,
cnn,36,0.7379206308364868,1.4287082368850708,0.73944,0.5657,0.01548000000000005,0.05459999999999998,
cnn,37,0.7263213410568238,1.3433589390754699,0.74394,0.5796,0.015040000000000053,0.05379999999999996,
cnn,38,0.7113126795578003,1.4168409114837646,0.74904,0.5718,0.013539999999999996,0.05379999999999996,
cnn,39,0.7026506168746949,1.4334824772834778,0.75066,0.564,0.013499999999999956,0.05810000000000004,
cnn,40,0.6843048039150238,1.3978947987556458,0.7568,0.5754,0.011560000000000015,0.058599999999999985,
cnn,41,0.6760161758232117,1.4919798280715941,0.75878,0.5597,0.01212000000000002,0.05920000000000003,
cnn,42,0.6492910733032227,1.569174059677124,0.77054,0.5617,0.010580000000000034,0.05689999999999995,
cnn,43,0.6553692511749267,1.4882623247146607,0.7682,0.5624,0.011299999999999977,0.06299999999999994,
cnn,44,0.6348838773727417,1.6060437522888185,0.77536,0.564,0.009800000000000031,0.06359999999999999,
cnn,45,0.6140649121665954,1.609502196121216,0.78058,0.5428,0.009619999999999962,0.06599999999999995,
cnn,46,0.6113329648971557,1.6195142219543457,0.7848,0.5557,0.009159999999999946,0.06430000000000002,
cnn,47,0.5923500505638123,1.7439103517532348,0.78988,0.5361,0.008539999999999992,0.06440000000000001,
cnn,48,0.5852763364028931,1.7998934976577758,0.79144,0.537,0.008480000000000043,0.06469999999999998,
cnn,49,0.570486441335678,1.6380111012458802,0.79722,0.5742,0.007759999999999989,0.05679999999999996,
cnn,50,0.5705979765319824,1.6046271970748902,0.79782,0.5704,0.007179999999999964,0.05689999999999995,
cnn,51,0.5644707561874389,1.9318057554244996,0.79794,0.5035,0.007399999999999962,0.0827,
cnn,52,0.542455709953308,1.8044897260665893,0.8066,0.5425,0.006059999999999954,0.06779999999999997,
cnn,53,0.5270814245223999,1.8897551483154298,0.8128,0.5328,0.006079999999999974,0.07709999999999995,
cnn,54,0.5219702792358398,1.882738849258423,0.81246,0.5566,0.005160000000000053,0.06689999999999996,
cnn,55,0.5208354495048523,1.879977980041504,0.81298,0.552,0.005580000000000029,0.06499999999999995,
cnn,56,0.5023707103347779,1.935402804851532,0.81876,0.5399,0.005199999999999982,0.0645,
cnn,57,0.49450380548477174,1.8278863697052001,0.82246,0.5692,0.0048399999999999554,0.06169999999999998,
cnn,58,0.494656319360733,1.806959418296814,0.8229,0.5615,0.0049200000000000355,0.06020000000000003,
cnn,59,0.47027014026641845,2.0573099349975585,0.83068,0.5387,0.0049000000000000155,0.0675,
cnn,60,0.47689248458862304,2.263614781951904,0.82924,0.5335,0.0046800000000000175,0.07220000000000004,
cnn,61,0.4990037419986725,1.7975879009246827,0.82348,0.557,0.00541999999999998,0.06659999999999999,
cnn,62,0.43287114912986757,1.9969155765533446,0.8453,0.549,0.0031799999999999606,0.06569999999999998,
cnn,63,0.44891556840896607,1.986265140724182,0.83968,0.5606,0.003940000000000055,0.06610000000000005,
cnn,64,0.4147923032951355,2.0336181401252746,0.85164,0.5596,0.0031400000000000317,0.06410000000000005,
cnn,65,0.43933856758117673,2.20622036151886,0.84258,0.5387,0.0036399999999999766,0.06669999999999998,
cnn,66,0.4307653261566162,2.163745751571655,0.84474,0.5427,0.0034800000000000386,0.07150000000000001,
cnn,67,0.40924354707717897,2.1380909088134765,0.85316,0.5553,0.0029200000000000337,0.06140000000000001,
cnn,68,0.39444177305221556,2.1053047103881837,0.85776,0.5571,0.0027800000000000047,0.06330000000000002,
cnn,69,0.41081306968688963,2.167494746398926,0.85322,0.5525,0.0028799999999999937,0.06559999999999999,
cnn,70,0.376716060628891,2.3511434730529785,0.86594,0.539,0.0023600000000000287,0.07150000000000001,
cnn,71,0.37137558119773867,2.488051286315918,0.86612,0.5378,0.0020799999999999708,0.06830000000000003,
cnn,72,0.3862149400138855,2.323978567123413,0.8617,0.5462,0.0025199999999999667,0.06789999999999996,
cnn,73,0.38894627695083617,2.3904958072662352,0.8611,0.5531,0.0024600000000000177,0.06679999999999997,
cnn,74,0.36148936841964724,2.573343154335022,0.8703,0.5301,0.0018799999999999928,0.07750000000000001,
cnn,75,0.34770437905311585,2.671832981109619,0.8748,0.5412,0.0016399999999999748,0.07169999999999999,
cnn,76,0.3502943256568909,2.346711162567139,0.87322,0.5475,0.0019799999999999818,0.06499999999999995,
cnn,77,0.3562356248474121,2.6157046016693117,0.873,0.5461,0.0019599999999999618,0.06379999999999997,
cnn,78,0.3288480139350891,2.681000267982483,0.88326,0.528,0.0014800000000000368,0.07569999999999999,
cnn,79,0.3291470308494568,2.5321864391326905,0.88296,0.5472,0.0015800000000000258,0.06520000000000004,
cnn,80,0.3573348931312561,2.512801235961914,0.87494,0.5535,0.0020599999999999508,0.06569999999999998,
mlp,1,2.1833393562316896,2.0388201210021974,0.19362,0.2301,0.32111999999999996,0.23050000000000004,
mlp,2,1.972694014930725,1.9248195960998535,0.27702,0.2921,0.21208000000000005,0.19240000000000002,
mlp,3,1.8665878002548217,1.7939292301177978,0.32488,0.3503,0.17664000000000002,0.15290000000000004,
mlp,4,1.7986583908081055,1.7653643581390381,0.3494,0.3578,0.15537999999999996,0.14559999999999995,
mlp,5,1.7475857439804077,1.9415690046310425,0.37124,0.3191,0.13827999999999996,0.15769999999999995,
mlp,6,1.7089321952056884,1.7253390045166015,0.38672,0.3847,0.13122,0.12829999999999997,
mlp,7,1.662303232498169,1.7175286334991455,0.40266,0.3772,0.11751999999999996,0.11829999999999996,
mlp,8,1.6315214544296264,1.7324049404144286,0.4159,0.3632,0.11253999999999997,0.12760000000000005,
mlp,9,1.60289676612854,1.594111953353882,0.4264,0.4292,0.10899999999999999,0.1038,
mlp,10,1.5716436343765259,1.5554695747375489,0.43726,0.4423,0.10167999999999999,0.09750000000000003,
mlp,11,1.5475838397216797,1.5500147533416748,0.44714,0.4452,0.09719999999999995,0.09589999999999999,
mlp,12,1.5193685070037841,1.5641750747680665,0.45546,0.4388,0.09314,0.09440000000000004,
mlp,13,1.4947132122039795,1.5126166719436644,0.46356,0.4561,0.08923999999999999,0.08909999999999996,
mlp,14,1.4682454076385498,1.4957500282287597,0.47458,0.4677,0.08504,0.09089999999999998,
mlp,15,1.4554069295501708,1.5770261310577394,0.47812,0.4174,0.08389999999999997,0.08899999999999997,
mlp,16,1.434667105255127,1.5434261323928833,0.48414,0.4424,0.08042000000000005,0.09240000000000004,
mlp,17,1.4179333880996705,1.5126994493484498,0.4876,0.4588,0.07677999999999996,0.09140000000000004,
mlp,18,1.3967458998107911,1.5839378814697265,0.50156,0.4338,0.07404,0.10170000000000001,
mlp,19,1.3758257009124757,1.5383877206802368,0.50776,0.445,0.07155999999999996,0.09530000000000005,
mlp,20,1.3649668645477295,1.52540862159729,0.51488,0.4575,0.07199999999999995,0.08950000000000002,
mlp,21,1.3389031825256348,1.5068517959594727,0.52024,0.4521,0.06676000000000004,0.0837,
mlp,22,1.3288349703216553,1.558793502998352,0.52528,0.4331,0.06525999999999998,0.09089999999999998,
mlp,23,1.3062214157867431,1.4510811651229858,0.53414,0.4726,0.06264000000000003,0.07709999999999995,
mlp,24,1.2954576856994628,1.539306368637085,0.5368,0.4595,0.06123999999999996,0.0988,
mlp,25,1.2773122206115723,1.626199906539917,0.54308,0.4361,0.059760000000000035,0.10319999999999996,
mlp,26,1.2645812539291381,1.5146360960006713,0.54878,0.466,0.05810000000000004,0.08140000000000003,
mlp,27,1.2472743349838258,1.4801640762329102,0.55266,0.4757,0.05500000000000005,0.07989999999999997,
mlp,28,1.2290830548858642,1.5340921794891358,0.56142,0.4702,0.05379999999999996,0.08089999999999997,
mlp,29,1.2131185012054444,1.3812654460906983,0.5673,0.5123,0.05278000000000005,0.0736,
mlp,30,1.1991806071853637,1.4664135906219482,0.57082,0.4917,0.05001999999999995,0.07979999999999998,
mlp,31,1.1795814474105835,1.5120513595581055,0.57904,0.4872,0.04847999999999997,0.09119999999999995,
mlp,32,1.1786095527267455,1.406329552078247,0.57828,0.5037,0.04803999999999997,0.07899999999999996,
mlp,33,1.1509086854553223,1.5223010498046874,0.58908,0.4513,0.045499999999999985,0.08740000000000003,
mlp,34,1.1396172021102906,1.3784736904144288,0.59254,0.5044,0.04390000000000005,0.06699999999999995,
mlp,35,1.1229005320358276,1.4704280014038087,0.59788,0.4896,0.04242000000000001,0.07379999999999998,
mlp,36,1.1051984127616883,1.368378017425537,0.60534,0.5253,0.04083999999999999,0.06659999999999999,
mlp,37,1.1001321513557434,1.399733135986328,0.60688,0.5025,0.04068000000000005,0.07189999999999996,
mlp,38,1.079665631980896,1.40583618850708,0.61468,0.514,0.03934000000000004,0.07010000000000005,
mlp,39,1.0551296825027465,1.520261240196228,0.62162,0.4794,0.03590000000000004,0.0837,
mlp,40,1.047005270652771,1.6386659355163575,0.62652,0.4616,0.03517999999999999,0.09089999999999998,
mlp,41,1.0332455859756469,1.4683905408859252,0.63116,0.4877,0.034479999999999955,0.07869999999999999,
mlp,42,1.0151102816581725,1.5374418283462525,0.6381,0.4785,0.03400000000000003,0.0766,
mlp,43,1.0019220159721374,1.4162808822631836,0.64122,0.5125,0.03251999999999999,0.06940000000000002,
mlp,44,0.9871060062789917,1.51747698802948,0.64822,0.4965,0.030379999999999963,0.07550000000000001,
mlp,45,0.9801973509025573,1.4339686532974243,0.64928,0.5224,0.029039999999999955,0.07110000000000005,
mlp,46,0.9547169263839722,1.528302848815918,0.6594,0.4895,0.027760000000000007,0.07709999999999995,
mlp,47,0.9622972424507141,1.4882684307098388,0.65628,0.4893,0.029120000000000035,0.07140000000000002,
mlp,48,0.9195517402267456,1.55085045337677,0.67246,0.4975,0.02514000000000005,0.0786,
mlp,49,0.9104116003417969,1.5880091913223267,0.67154,0.5003,0.023700000000000054,0.07920000000000005,
mlp,50,0.8970952758789063,1.526792162322998,0.68026,0.5056,0.02395999999999998,0.08299999999999996,
mlp,51,0.876418826828003,1.6679341558456422,0.68592,0.4621,0.022220000000000018,0.0897,
mlp,52,0.8621458347702027,1.5518322755813598,0.69318,0.4929,0.021419999999999995,0.07350000000000001,
mlp,53,0.8387606500625611,1.5489429019927978,0.69862,0.5054,0.02076,0.07479999999999998,
mlp,54,0.8367349282836914,1.7277974012374877,0.69902,0.5021,0.018920000000000048,0.07689999999999997,
mlp,55,0.81435725315094,1.6449720886230468,0.70964,0.4808,0.018399999999999972,0.07499999999999996,
mlp,56,0.7993100421524048,1.6865281085968018,0.71546,0.4784,0.017979999999999996,0.08079999999999998,
mlp,57,0.7819879870223999,1.6652230598449707,0.72054,0.5056,0.016199999999999992,0.07520000000000004,
mlp,58,0.7663232493209838,1.8868892013549805,0.72718,0.4626,0.016819999999999946,0.09489999999999998,
mlp,59,0.7612731289672852,1.6918210420608522,0.72774,0.5045,0.015220000000000011,0.07669999999999999,
mlp,60,0.7389292376708985,1.8405061218261718,0.7339,0.4702,0.014759999999999995,0.09850000000000003,
mlp,61,0.7290365781974792,1.8773085195541381,0.73794,0.463,0.014140000000000041,0.09219999999999995,
mlp,62,0.7064504141426087,2.0272742584228514,0.74938,0.4607,0.01317999999999997,0.08879999999999999,
mlp,63,0.6969216650772094,1.8150441772460937,0.75124,0.4833,0.013020000000000032,0.0947,
mlp,64,0.6747357960319519,1.7831734050750732,0.75708,0.5072,0.011519999999999975,0.07389999999999997,
mlp,65,0.6661816035461425,1.87109265499115,0.76068,0.4857,0.01090000000000002,0.08360000000000001,
mlp,66,0.6471220559692383,1.7267355218887328,0.76954,0.5167,0.010700000000000043,0.07410000000000005,
mlp,67,0.6299582338142395,1.9619803497314454,0.77576,0.4947,0.009959999999999969,0.07489999999999997,
mlp,68,0.6252196348571777,1.7439216537475586,0.77734,0.5118,0.010800000000000032,0.07179999999999997,
mlp,69,0.5946729061508179,1.7922365924835204,0.78764,0.4987,0.00875999999999999,0.07530000000000003,
mlp,70,0.5862058147811889,1.8251198036193848,0.78962,0.5016,0.008319999999999994,0.07210000000000005,
mlp,71,0.5755256928825379,2.6221590194702147,0.79226,0.435,0.008140000000000036,0.10799999999999998,
mlp,72,0.5703485579490661,2.026121234512329,0.79696,0.507,0.008639999999999981,0.07310000000000005,
mlp,73,0.5393745294761658,2.191176380157471,0.80932,0.4845,0.007079999999999975,0.08530000000000004,
mlp,74,0.5335546542453766,1.9096922550201416,0.81006,0.5232,0.006820000000000048,0.0726,
mlp,75,0.5191047904205323,2.1048514333724975,0.81582,0.4951,0.006460000000000021,0.08140000000000003,
mlp,76,0.49742399515151975,2.031503730010986,0.82038,0.4926,0.005800000000000027,0.07569999999999999,
mlp,77,0.4989500175857544,2.1828373001098633,0.82126,0.475,0.006059999999999954,0.09599999999999997,
mlp,78,0.46481509947776795,2.384890542602539,0.83358,0.4711,0.005099999999999993,0.09630000000000005,
mlp,79,0.4704907788658142,2.1753844453811646,0.83414,0.4952,0.005619999999999958,0.08460000000000001,
mlp,80,0.4509986044502258,2.530120373916626,0.84084,0.4469,0.00546000000000002,0.09609999999999996,
