epoch,train_loss,test_loss,train_acc,test_acc,train_top5_err,test_top5_err,learning_rate
1,1.777901729774475,1.5173265073776245,0.3468,0.4471,0.15481999999999996,0.08479999999999999,0.010000000000000002
2,1.4979822818756103,1.491650297164917,0.45512,0.5122,0.08243999999999996,0.07850000000000001,0.030000000000000006
3,1.3057651013565064,1.2603923826217651,0.537,0.5606,0.05591999999999997,0.0464,0.05
4,1.1120990643310547,1.0559595937728883,0.60794,0.6335,0.03942000000000001,0.03320000000000001,0.05
5,0.9847767211914062,0.9826332450866699,0.65524,0.6553,0.030980000000000008,0.03369999999999995,0.05
6,0.9265400841331481,0.9664276685714722,0.67202,0.6616,0.026760000000000006,0.02629999999999999,0.05
7,0.8461896831321716,0.8401583599090576,0.7006,0.7144,0.02192000000000005,0.020299999999999985,0.05
8,0.8106400842475892,0.8614919446945191,0.71454,0.7066,0.020059999999999967,0.024499999999999966,0.05
9,0.7711733629989624,0.8130676218032837,0.73,0.7275,0.018100000000000005,0.020000000000000018,0.05
10,0.7324979839706421,0.7487949404716492,0.74044,0.7379,0.016100000000000003,0.019499999999999962,0.05
11,0.6930750764274597,0.8281705654144287,0.75564,0.717,0.013719999999999954,0.02300000000000002,0.05
12,0.6679715616989136,0.723896630191803,0.76372,0.7507,0.013319999999999999,0.017199999999999993,0.05
13,0.6463469568252563,0.6657000311851502,0.77354,0.7719,0.01205999999999996,0.0131,0.05
14,0.6210648614692688,0.6754100792884826,0.78054,0.7655,0.011560000000000015,0.014100000000000001,0.05
15,0.5927087782287598,0.660822546672821,0.79022,0.7746,0.009680000000000022,0.014599999999999946,0.05
16,0.5821482871246337,0.6974140667915344,0.79482,0.7606,0.009560000000000013,0.016100000000000003,0.05
17,0.5588660037231445,0.7016064721107483,0.80374,0.768,0.009159999999999946,0.015800000000000036,0.05
18,0.5499730234146119,0.665281519126892,0.807,0.7736,0.008319999999999994,0.015499999999999958,0.05
19,0.5326017807579041,0.6941380526542663,0.81134,0.7724,0.007719999999999949,0.01319999999999999,0.05
20,0.5122899856376648,0.657050479888916,0.81828,0.7807,0.007120000000000015,0.011700000000000044,0.05
21,0.5072702761363983,0.7119542610168457,0.82036,0.7703,0.007199999999999984,0.01649999999999996,0.05
22,0.48241436237335206,0.6853092644691468,0.82914,0.7741,0.006020000000000025,0.01539999999999997,0.05
23,0.4746980368614197,0.6862534718513489,0.83206,0.7713,0.00651999999999997,0.01319999999999999,0.05
24,0.4660726532649994,0.6819366579055786,0.83556,0.7818,0.005859999999999976,0.014900000000000024,0.05
25,0.4431162084579468,0.62106296377182,0.84188,0.7976,0.00548000000000004,0.011600000000000055,0.05
26,0.43940930490493774,0.6093713744163514,0.8452,0.7968,0.005240000000000022,0.011299999999999977,0.05
27,0.4278784840393066,0.6500324304580688,0.85024,0.7893,0.005199999999999982,0.011299999999999977,0.05
28,0.4144792028236389,0.6273945121765137,0.85182,0.7987,0.0046800000000000175,0.013599999999999945,0.05
29,0.39876704010009767,0.6357124573707581,0.85948,0.7947,0.0045199999999999685,0.01090000000000002,0.05
30,0.4031269665813446,0.5979658774375916,0.85758,0.8123,0.0037800000000000056,0.012399999999999967,0.05
31,0.3886231378650665,0.5933236468315124,0.86106,0.8089,0.0035399999999999876,0.011800000000000033,0.05
32,0.37809377537727357,0.6448939984321594,0.86494,0.7987,0.0035199999999999676,0.01100000000000001,0.05
33,0.3676519135951996,0.5817046367645263,0.86904,0.8193,0.0028399999999999537,0.009800000000000031,0.05
34,0.36232832364082335,0.6112169610977173,0.87112,0.8088,0.0030599999999999516,0.012299999999999978,0.05
35,0.3466383680534363,0.601180076789856,0.87644,0.8127,0.0027199999999999447,0.01090000000000002,0.05
36,0.34671477970123293,0.6297334118843079,0.87516,0.8086,0.0028599999999999737,0.015000000000000013,0.05
37,0.33898243453979493,0.6124819661140442,0.87868,0.8058,0.0026399999999999757,0.010700000000000043,0.05
38,0.3250307882976532,0.6390755928039551,0.8844,0.8043,0.0023600000000000287,0.012299999999999978,0.05
39,0.31851132920265196,0.6460788097381592,0.88664,0.8038,0.0019599999999999618,0.011199999999999988,0.05
40,0.31482330735206604,0.6296025276184082,0.8878,0.811,0.0022799999999999487,0.013399999999999967,0.05
41,0.3091266917991638,0.625619863319397,0.88964,0.8138,0.0020599999999999508,0.01200000000000001,0.05
42,0.30356137873649597,0.600825663280487,0.89136,0.8193,0.0021400000000000308,0.008900000000000019,0.05
43,0.3007933536243439,0.6521572112083435,0.89346,0.8052,0.0019599999999999618,0.013399999999999967,0.05
44,0.2903948879337311,0.6303989871025085,0.89552,0.8142,0.0015800000000000258,0.01090000000000002,0.05
45,0.2845815357685089,0.623076062488556,0.8969,0.8172,0.0015800000000000258,0.011199999999999988,0.05
46,0.2798405707025528,0.6828735181808472,0.901,0.8073,0.0018000000000000238,0.012700000000000045,0.05
47,0.27240340485572817,0.6165020157814026,0.90192,0.8207,0.0013199999999999878,0.011199999999999988,0.05
48,0.25926273697853086,0.7033006608009338,0.90676,0.8027,0.0014600000000000168,0.011800000000000033,0.05
49,0.20129825108528138,0.5500948202133179,0.92924,0.8417,0.0008399999999999519,0.008299999999999974,0.005000000000000001
50,0.16553694328069687,0.5609455867767335,0.94156,0.8418,0.0005399999999999849,0.008900000000000019,0.005000000000000001
51,0.15764214377880095,0.5711452080726623,0.94488,0.8424,0.0005600000000000049,0.009199999999999986,0.005000000000000001
52,0.14573512268543243,0.5865098499298096,0.94996,0.8415,0.00041999999999997595,0.008600000000000052,0.005000000000000001
53,0.1406621494626999,0.5899784529685974,0.9501,0.8415,0.00036000000000002697,0.008700000000000041,0.005000000000000001
54,0.13730093781471253,0.5999437836647034,0.95158,0.842,0.00038000000000004697,0.008700000000000041,0.005000000000000001
55,0.12821443572282792,0.6062314730644226,0.95516,0.8426,0.00021999999999999797,0.00880000000000003,0.005000000000000001
56,0.12588050345897675,0.6163290556907653,0.95544,0.8432,0.00017999999999995797,0.009199999999999986,0.005000000000000001
57,0.12283854795932769,0.6164819779396057,0.95698,0.8439,0.00027999999999994696,0.007900000000000018,0.005000000000000001
58,0.11887032019853593,0.6301482246398926,0.9582,0.8432,0.00021999999999999797,0.009000000000000008,0.005000000000000001
59,0.11531752592802048,0.6388429302215576,0.95942,0.8419,0.00024000000000001798,0.009399999999999964,0.005000000000000001
60,0.11081587618827819,0.6494288843154907,0.96048,0.845,0.000140000000000029,0.009399999999999964,0.005000000000000001
61,0.11279887765407562,0.6479618838310242,0.96024,0.8436,0.00021999999999999797,0.00880000000000003,0.005000000000000001
62,0.1104616392660141,0.6648390707015991,0.96068,0.8412,0.00012000000000000899,0.010099999999999998,0.005000000000000001
63,0.10324365387916565,0.6648763075828552,0.9641,0.8432,0.000140000000000029,0.009199999999999986,0.005000000000000001
64,0.10184988031864166,0.6802375498771668,0.96432,0.8425,0.00021999999999999797,0.010399999999999965,0.005000000000000001
65,0.09807988311767578,0.6722010133743286,0.96586,0.8438,0.00019999999999997797,0.010299999999999976,0.0005000000000000001
66,0.09531839312076569,0.6709093571662903,0.96696,0.8433,9.999999999998899e-05,0.009199999999999986,0.0005000000000000001
67,0.09276112115621567,0.6747771492004394,0.96838,0.8429,0.00012000000000000899,0.00990000000000002,0.0005000000000000001
68,0.09105718843698501,0.6781863494873047,0.96734,0.8439,0.00017999999999995797,0.009600000000000053,0.0005000000000000001
69,0.0900203206205368,0.6763516237258911,0.96958,0.8438,7.999999999996898e-05,0.009700000000000042,0.0005000000000000001
70,0.09202391357898712,0.6765779584884644,0.96838,0.843,0.00019999999999997797,0.009399999999999964,0.0005000000000000001
71,0.08939013788700104,0.6799311741828918,0.96872,0.8434,0.000140000000000029,0.009199999999999986,0.0005000000000000001
72,0.09018945556163788,0.6827535939216614,0.96862,0.8447,0.00012000000000000899,0.009399999999999964,0.0005000000000000001
73,0.09034857989788056,0.6787868585586548,0.96834,0.8425,7.999999999996898e-05,0.009199999999999986,0.0005000000000000001
74,0.09128342797517776,0.6829615117073059,0.96766,0.8423,2.0000000000020002e-05,0.010000000000000009,0.0005000000000000001
75,0.08950921208381653,0.6854943305969238,0.96928,0.8428,0.00017999999999995797,0.009199999999999986,0.0005000000000000001
76,0.08773799623727799,0.6844738201141357,0.96916,0.8429,0.00012000000000000899,0.009099999999999997,0.0005000000000000001
77,0.08827181431531907,0.6884713121414184,0.97022,0.8422,7.999999999996898e-05,0.009600000000000053,0.0005000000000000001
78,0.08875560823202133,0.682932701587677,0.969,0.8441,0.00012000000000000899,0.009700000000000042,0.0005000000000000001
79,0.08755786917805672,0.6906021458625794,0.96846,0.8439,0.00012000000000000899,0.009099999999999997,0.0005000000000000001
80,0.08700826322317123,0.6905185340881348,0.96962,0.8441,0.00012000000000000899,0.009600000000000053,0.0005000000000000001
